base_domain,index_reference
023zsys,13755
0b8wwgg,19258
14daysofchallenge,30901
1521822816,9144
401k-geek,14858
4246903,16048
445z,25849
53133229,17730
681597779678011588,16137
720yunfang,13560
748798,13420
998zan,16725
a10-equipement,21402
aavailable2,301
abaccus-auto-parts,31934
absolutesoundchatham,7990
accommodationbayofplenty,499
aceitescoprovir,12390
aceitesecovir,27035
aceitesfuentededios,21898
acusticaitalia,32113
aditi-homes,925
adspkv,216
advantageplumbingandheating,18803
aedoor,13618
affinityhealthcarecenter,29047
african-colours-shop,20049
agenacarea,9826
aicom,6303
albounico,29762
alcodega,24537
alentextile,18999
alife,32527
all-iowa-truck-repair,543
allriteind,14107
alphacloud,4729
altitude-by-lumight,31053
aluminiumguss-pirracchio,12175
aluminumrailingedmonton,21236
amgmusicgroup,32888
amisdelatelier,27123
anakainisi-myconstructor,16814
andre-1,15827
anne-mannermclarty,14658
anybefy,28542
apartman-centar-2-subotica,22044
apartman-centar-2-uzice,1499
apartman-centar-3-subotica,10282
apartman-centar-bijeljina,15361
apartman-centar-krusevac,9793
apartman-centar-mostar,4446
apartman-centar-novi-sad-rs-21000-4,17864
apartman-centar-senj-lika-senj,21715
apartman-centar-sremski-karlovci,19327
apartman-centar-veliko-gradiste,33326
apartman-savic-veliko-gradiste,30441
apartmentinmalaga,13837
apeshit-customs,25134
apparecchiacusticifrosinone,1961
apparecchiacusticimodena,31526
apricot-rectangle-n7ha,1699
arieldoorgears,13209
arizona-family-law-attorneys,7763
arredoteamscaffalature,9587
artclaystudio,15773
arteguias,5261
artepalencia,26021
artgarage,32961
artofthing,16352
artyloonentertainment,30323
artyloonlive,26367
artyloonmagic,1634
artyloontv,26105
arwoodssleep,18633
assemblydetroit,4560
associates-construction,28125
asthadnggroup,23357
asthatankconstruction,22681
asthatankjackingsystem,6821
atascachiropractic,33113
atlantanannycompany,8544
atp3,1543
augsburg-zaunbau,14968
austria-spa,4491
authenticist,614
autowiderruf-online,14354
azul-vintage,7269
backhomerestaurantreviews,27632
badri-sarraf-jewellers,5817
bandm,32248
banningforging,7152
barnettsports,9658
baskinstireandservice,10507
bayareacriminallawyers,29677
baystateextracts,11737
bcheritagepark,29964
bdixtv,5966
beachfront-abode-bbqs-decks-smart-tv-etc-surfside-beach,32875
beaute-serene-estetica-spa-y-bienestar,11118
beeutiful-by-design,27049
befort-plumbing-heating-aurora-co,3653
bellanico-restaurant-and-wine-bar,10969
benbecnelinc,2351
benbecneloranges,238
benefitinfo,32730
bernardcarney,23295
bestkidspartymagician,15892
bestlosangelesmagician,31879
bestmagicianinlosangeles,24864
bestsignagevietnam,8104
bestvirtualmagician,16005
betweenslaopower,4466
bgmbuild01,30184
biesemann,31643
bioholzschutz,498
blasberg-apotheke-app,26244
blpfdreamteam,15841
blprocessservice,29247
boccole,10820
bodyrepairswolverhampton,13785
bogensportclub-heidelberg,21398
bon-arm1,388
bonitopackaging,29775
bootfolie,18841
boston-blinds,12961
bostonblindsma,21659
bowlharrisburg,32247
brazenedwards,27015
bred8,21103
brievenbus-onlineshop,7581
brillant-dekor-gmbh,4966
brilliantedoo,26118
bruckert-metallbau,7427
buck-icon-llc,279
businessenergetics,16149
businessmag,17937
butterbeer,28967
buttercreamhomebakery,9283
byokane,20565
caferomand,3458
cairnsprint,10612
caity-caked,4430
calenbook,21817
calgarydeckrailing,22699
calgarydeckrailings,26133
calgarydecks,8548
caminodesantiagodesdemexico,30980
camozzi,29693
can-gmbh,16757
canadanarcan,10000
capemploi79,7316
carolinelovesmorganhill,19821
carserver,32486
castlewoodhire,1734
catertheboard,29353
cbd-specials,14407
cbd-unlimited,14599
cbdunlimitedinc,27079
cbdunlimitedwholesale,24858
ccienciacafe,6051
centarbiomase,22880
centbik,20643
centrodeesteticagijon,26171
centrumlaserovemediciny,8248
chaathouserestaurant,13266
cheerfulcutters,30147
chengsbuffetngrill,4012
chengsgourmetoh,10345
chiavari-chairs-tables,28798
childrensmagiciannearme,19105
chinaoneglenville,22948
chinchwadsinny,126
choc-oh-lat,14963
christ-inspired,12600
christinabianchini,9553
cibao-spa-laser-centro-de-depilacion-laser-en-santiago,32687
cinsamexico,33296
cityheightslaw,30572
ciumsaja,18689
civilemployeeretirementassisting,6843
cl-kabudget,24900
classiccarsmidlands,21866
cleanmytrianglehouse,19473
clearfieldutahselfstorage,15171
clever-itt,11497
cliniquedentaireileperrot,32817
cnyfjj,32018
coachrobinson,7596
coastaldesignsantabarbara,17364
coblidotblog,19017
codesloten-online,26237
collaborativetesting,31095
colonialcourtmotorinn,7652
commairbalco,20846
concursos-camponoble,13206
cooplands-bakery,23037
coprovir,19614
coquillebonheurluxury,9727
coreflex-yoga-pilates-class-westhoughton,11316
coreflexyogapilatesclasswesthoughton,3287
corfuholidayminibus,4380
corona-testzentrum,31034
corporate-consult,25636
corporativomanare,27740
coulsonsalesandservicereviews,19207
coutureflowersnewportbeach,5152
cronulla-pools,15692
crowne-plaza-times-square-manhattan-hotel-new-york,14039
cs-kabudget,2045
ctv,14199
cubo,14602
curious-concessions,16073
cvb-media,1322
cylinder-conch-gjhl,22615
cypressofcharlotte,9353
cytotec-panama,19022
cytotecpanama,16230
d3y4fqrl5f2gj,22710
dahled-up-construction-inc,21367
dahled-up-roofing-inc,32206
dalianchengji,14648
damavandicapital,14923
danielfreitasortognatica,32704
danppf,29631
darcocommercial,9846
davieshotheminjurylaw,9401
deck-railing,3189
deckrailingcalgary,25367
deckrailingcanada,9102
decksedmonton,18034
degraafassurantien,14116
dehatechpressurevessels,11571
delhiprogresswave,25792
demetriuskukla,17291
dentallabinspain,7787
dentistlosalgodones,25962
depika-mistry,10891
deregioleiden,1618
design-7-werbeagentur-paderborn,266
designbouwbeslag,3557
designviz,11871
destinyproductions,31380
destore-rod,8786
destorework,17081
dev-melhamconstruction,5472
dewabo-online,15614
dgmsm,15372
dibaccoplumbinginc,28512
diegodallapalmadrivetostore,20538
dierverzorgingnederland,9886
digitales-foerdern,9815
dincadanemil,21990
dining-kanade,804
districtautoinsurance,7559
districtemployeebenefits,24485
districtemployeeretirementassistance,11579
distvivamelhor,19213
dizhuquan,13649
dlc-haustechnik,10214
doerbianyazdj,22675
doergcdzd,23378
doerhgzdj,10892
doerxhzdj,21861
doerzyjjd,28857
dokument-serwis-sa,14198
dongyinbusu,10352
doni-flex-colchoes,9512
donswholesalebr,9352
dorukpeyzajj,18556
dotcreativ,31933
drallegroup,1764
drheym,4810
drive4progressive,8072
drive4progressive-transportation,22635
drive4progressivetransportation,25475
drumworksinc,18378
dullemedia,24871
dwiestrony,14548
e-v-f,30197
easy-sprachreise,18635
eazywallz-eu,13030
eazywallz-paris,675
eazywallzparis,570
ebearshop,2880
ebhotelmiami,25959
ec2-13-40-91-76,21000
ec2-35-179-23-106,3851
eckstein-frey,16418
ecovir,13288
eden-cosmetic-therapies-cosmetic-injectables-dermal,17485
edge-training-center,23100
edmontonaluminumrailing,13615
educatordebtplan,15600
effeveterinaria,22834
eforce-sports,30688
electrique-sbd-inc,8545
elephant-blackbird-5db8,7591
elfbarjednorazowka,31146
eliseouimet,23821
ellajohn,20341
embroidcolorado,22669
embroidereddenver,15188
emcornortheast-com-eus,19496
employeemortgageassistance,25605
energeiako-pistopoiitiko-myconstructor,7098
energikebaikan,15310
enrollhps,31029
esb,8329
eschach-apotheke-niedereschach,4153
esquisitinhacalcados,19542
essessment,489
estechco,4870
etozelectronics,6965
evansosteopathhastings,11981
eveshamnationals,17642
exceldentallab,13044
extonandgreethamce,10512
extremautomotive,16902
eyebrowspecialistsouthwestlondon,23342
eyeworksvision-hockessin,29859
fabricant-menuiserie-aluminium-acier-paris,5361
facebook,5094
farmaciacentraldapenha,1307
federalinfotrace,24582
felsenkeller-champignon,5896
feniba,13475
feriateatropalma,18171
ferienhaus-ferienwohnungen,22691
fg1776,17881
fhz-group,726
fhz-kugelmuehlen,15017
fhzgmbh,15345
filin-optika,28698
finalcareexpenses,1540
fitnesslinkeugene,18335
flexmusselsny,32496
flourish-bookkeeping-services-ltd,19993
fluent-cannabis-dispensary-tampa,29075
fnb-consulting-saudi,8655
foodandbeeer,7971
forest-home-animal-clinic-doggie-day-camp,20253
forgeonline,28527
forum-gesundheitundmedizin,29510
forum-medizin,25250
forumgesundheitundmedizin,29060
forummedizin,5385
fotofilter-online,15476
freedompando,21821
freewillboy,14274
freitaslaf-net-ltd,19184
fuchswackerdesign,20431
funandticketsviajes,31621
furreverpetphotography,7883
fuseconquer,21426
fykuyou,22005
gabelmann-partner,7947
galesburgcommunityfoundation,3118
galtbabyshop,1448
garmentworx,12148
gashaarden-outlet,13455
gassigang,22431
gautzsch-jena,6285
geiq87construction,31865
geiqaero,17414
gemini-bar-grill,23715
generalmarkingfrance,157
gentisrecruiting,21576
geomembranaec,29216
georgiauniforms-bisbh,31105
germansboada,3708
gesundheitundmedizin,22726
getrefurb,20730
ginospizzeriabayside,28355
gisbrokerage,19906
glasstailorslondon,31041
gldi,12117
glenshane-country-house,9751
glenvillechinaone,2818
glimari,11990
glockenspiel-tunny-6rdg,19650
granvey,28471
grouptech,2356
groverfen,13939
groverfensterstock,810
growthleaks,26649
gruppmotor,1326
gruw,29878
gshcl,7875
gtli-net,25572
guder-stolzenau,8003
gzaotuman,9431
h-power-chiptuning-debrecen,26482
haartransplantationerfahrung,9271
hair-extensions-supplier,1556
hairconsulting-isabo-pruiken-perruques,16620
hanf-shop-one,20092
haoshuanglai,8347
happytrailspersonalgroomers,472
harmonychiropractic,13345
hatfieldmedicalgroup,12335
hawasli,30349
healthcheckswatford,2688
heilfasten-wandern,28249
helminer-led,2927
heptagon-penguin-wdx8,9222
hercules-co,30547
hexagonsupply,10485
hexahedron-elephant-s8ff,694
hgytec,3251
hidden-meadow-equestrian-center,28362
high-seas-tattoo,24155
hinge-fitness,8203
hl-kabudget,8246
hmackfc,15524
hmnieuws,4033
hoardpu,18100
holstein,20789
honeyjarclothing,28029
honsbeekmediatv,24589
horoscopeshop,17091
housebliss-cleaning,11745
howard-bros-joinery,13254
hubbardfamilyswimschool,17046
hudsonfinancialservicesinc,14998
hudsonvalleycommunityservices,168
humble-chiropractic,29772
humble-chiropractor,14597
hundewelt-ulm-neu-ulm-umgebung,23083
hydraulic-online,16153
hydraulik24-fluidtechnik,30924
i-koniks,8573
iangarratt,20165
ich-liebe-natur,29841
icrack-phone-westwood,1548
identityprintsplus,16795
ignitioninterlockdevicesiidhuntingtonut,10913
ilektroniki-tautotita,9883
iletaitunefois,6680
ilginlerkepenk,26139
ilmouseion,16949
imcchassis,25272
imidewire,7256
immobilien-lago-maggiore,29882
imoveshop,13478
implantat-berlin,30546
inbouwbrievenbus,9348
indiaadvancementhub,31289
indiaelevatehub,14603
indiaevolutionpath,23270
indiaforwardfuture,31464
indiaforwardlink,15023
indiafutureconnect,11852
indiagrowthpath,30309
indiagrowthpulse,20619
indiainnovatehub,9959
indianadvancement,8851
indiaprogresspath,19366
indiapulseinnovation,13414
indigma,8943
indigmamd,3734
infinitybusinessservices,17346
info@aimiedesign,24754
ingenieurbuero-kress,26023
inovator-jetztbewerben,32143
insightduluth,28904
insightvirginia,31121
insungbio,18592
interlockdevicessandyut,13887
internationalsubaru,17987
internetofthings,25732
iperdent-modena-clinica-dentale,31156
iposdcorb,28214
iron-rebel,22595
iron-rebel-power-gear,12687
isabellaskincare,23966
itssri,29226
itxfl,3493
j986,13164
jazzradio-schwarzenstein,20063
jennifersautosales,2900
jestetika,31977
jetpaqueteriamx,16407
jevickochirurgie,32413
jhautodetailing,15087
jimmarshusa,1064
jimmy-peluqueros,22223
jingledecampanhapolitica,23829
jinmafeiye,11109
jlhyqz,20214
jnfsjj,12746
job,16823
johnnystephensphotography,3069
jokkarmarketing,15705
jonachloe-mtl,32262
jotortora,22623
juyezhaoshang,13934
kabandy-guide,4280
kabudget,28619
kabudget-assist,27903
kabudgetassist,106
kabudgetsupport,16087
kanade-exterior,33098
kanade-puppy,13744
kanadeinc,28301
kanadekyoto,20544
katytvandappliance,18988
katytvrepair,27423
kaysvilleutahselfstorage,22725
keithurbanshigh,17996
kenethwalters,13397
kevin-joseph-t2ag,30049
kidsmagiciannearme,29238
kidsvirtualmagicshow,8765
kikaijima-kankou,16190
kinderkrippe-luna,33003
kingdavidarchitect,3740
kipperevent,22141
kitten-shop,29227
kms-zeitarbeit,20614
kochbuchantiquariat,18504
kodelaw,29926
kommunales-bestattungshaus-chemnitz,16581
korperwerk-freiburg,29934
kosic,6640
kraus-spielhalle,11361
kriechstroeme,23852
kudos-health,22359
kulturzentrum-neuperlach,22898
kvelo,7063
la-scic-les-3-colonnes-le-viager-solidaire,22091
labelpb,25458
lacanastillacubana,17266
lacanastillagallery,1529
lacle,1647
lafayettenma,669
lauridsen-hi,20277
lavedanailcare,21734
ld-conseils,10020
ledlightingvietnam,11596
leitemel,20313
lemoulindesore,33415
lesamisdelatelier,5738
lhisolutions,3743
lhzcj,20782
lifeswork,32498
lightinginfoservices,29501
linde-gas,23258
live-dennys-storage,12550
livevillalaguna,9453
lj023,19823
logobus,3371
lohrservice-extranet,19103
lorisjavashack,20671
losangelesbirthdaypartymagician,10821
losangeleskidspartymagician,7124
losmagueyesmexicanfl,12562
lovebraces,6359
lowkindr,1403
lssyqygl,7619
lucabertoli,4515
luhn-schallkoerper,350
luxzre,10297
lvbenwei,12545
lvxingcai688,1065
lydcbh,866
madinahlaundry-rw,27829
magicalartyloon,22527
magicforkidsparties,2708
magicianchildrensparty,21973
magicianforkidsparty,25009
magiciankidsparty,25239
magicshowsbyartyloon,18621
magictricksbyartyloon,20585
magneticislandcommunitycare,1856
magnoliaplumbingal,7359
magnus-wellness-daniel-w-fielder-lac,27654
mainpage-wokgrill,24613
malerschiffner,29904
mann-logistik,26936
manpowergroup,17798
manxiperkasa,11291
marcas,14301
marriagecounselingdayton,26927
marsanavocat,8836
marsanavocats,19892
martens-ingenieurbuero,20055
marthasvineyardhomerentals,15297
marthasvineyardvacationhomerentals,1010
marthasvineyardvacationrealestate,13980
mashroom-demo,705
matriks-toluca-gamesstore,9205
mauesports,8517
maurang-transporten-bv,21112
mavericktechnologies,23121
maverixtrackdays,14163
mbst,31581
mcclurgs-master,11772
mcclurgs-master-2,22556
mclojistik,21067
mechanicalscrewjackingsystem,29821
medekamedia,9318
medicinadotrabalho2013,1285
megalodon-pear-6k5w,12325
melhamconstruction,29351
mercadodevitoria,32528
messinggetrommeldbouwbeslag,31838
metalclayartist,16108
metalclaymagic,13310
meteorrentals,9590
metodoescala,22209
meyer360,25877
michael-maestri,28180
millonesporinternet,27290
mirantesgreenpark,23478
mirize-reform,14961
mixnitupevents-dj-services,32317
mlcardioheal,24947
mnsitestaging,4829
mobus,30244
modengche,1037
modern-box-permit,21054
moduloled,17860
monjaymezza,21540
moretechtw,30177
mossagardens,3123
motelstauranga,9904
motorama-full-service-oficina-de-motos,19528
motorwerkscadillacspecials,1043
mount-martha-junior-football-club,8940
mountainequinenc,1581
moyerlaw,24639
mpspark,22424
mrc-waterjet-cutting,27967
mumbaifutureconnect,22312
mumbaihubpulse,2311
museiditorino,6177
mvvacationhomesrealestate,18672
mvvacationhomesrentals,19193
my403bonline,25681
myauto,23907
myautoshop,1876
myautostore,9561
myers-auto-exchange,340
myhorizonwestdentistry,4554
mytcm,7204
narsiproperties,22955
nathanleecolkitt,32768
nationalgolfpass,4027
natuerlichtcm,10039
natur-erlebniswelt,2963
nejlevnejsi-barvy,18006
nemourswildlife,21780
new-golf-course-condo-3-mi-to-coastal-grand-mall-myrtle-beach,27184
newlife-chiropractic,10721
nicecoming,21279
niceleds,2555
nicolealexisjewelry,20180
nonagon-sunfish-mf6l,6095
nonalastigmatisation,1040
norcospectra,9045
northwestnaturallighting,12637
northwoodsautomotivesc,27545
novostroiki-gk-msk,14931
npxmedical,11498
nucleusmanagement,26459
numark,10260
nwnaturallightingwa,17800
nwshades,572
oakhaventb,23598
oasiscontabilidade,2143
oceanbluehighclasshotel,16436
ocfences,711
odigosgiatospiti,24855
oefentherapeutencesar,1380
officekanade,11174
ohiotrucksdev,19302
ohiotrucksstg,22588
olea-pantin,14946
onetouchprofessional,11149
ongautomation,2866
onlineauto,7313
opac85,4092
oralandfacialsurgery,17292
oralbone,23759
ordernutmegbakeshop,27586
orlando-novelty,18260
orlandomask,33402
orthopauherusa,15957
ortopauher,29329
orvprofit,4826
osires,28688
otomatikkepenkhatay,24100
otomatikkepenkmaras,4964
otomatikkepenknigde,4042
oxfordexhibitionservices,21149
pakketbrievenbus-online,31184
palatine-welding-co,27646
palazzodelfumetto,5529
panamacytotec,8598
papaya-tuna-268w,6083
paperpile,16454
paramountcity,28980
parivartan-pictures,15356
parkourboulder,7039
parkviewplacehousing,31228
pasarlemon,11649
pathanmatka,21549
patrioticproductions,3586
pdrtb,10126
pediatrie-bulle,3143
pensionmeeting,9197
pensionrx,10949
peoplesdepot,2340
peraexplores,6243
peraguides,18977
perahelps,2123
peraprotects,16006
perron51,19840
petersteamrealty,13504
peverelliinteriordesign,2575
pfpthj,31166
phthalimide,30998
picofuse,30856
pingyao-bai-chang-hong-hotel,734
pingyao-cheng-jia-hotel,44
pingyao-elsewhere-gongji-hotel,21210
pingyao-harmony-guesthouse-cn,1354
pingyao-jia-xin-guest-house-taiyuan-shanxi,33428
pingyao-yan-family-homestay,27627
pinpointselection,4780
piscinehorssol,22686
piscinelaghetto,25274
pisgahequine,9817
pizzapan-grimsby,1166
platinium-shop,25981
pleasant-st-dental,21014
pm-consultants,3721
pneumaticshop,11529
pneumatik,5889
pnzra,26524
podbor-kvartiri-v-gk,29604
polynoel,27333
pp33,8771
practinaai,733
praxisraitzig,1140
precisionmetalsolutions,1330
prekic,16960
premieratoyoty,14580
prettypale,41
prez-bexcare,29595
printforce,28683
proaccess,19044
proburner,9331
productiveplaygroupinc,29788
progettazionespa,17062
propst-and-sons-sports-md-1,13328
prospectfarmspet,28373
proximity-orangecountyfen-652861831660,1623
psikologfatihozadam,27619
psyche-jewelry,29847
qimaigroup,22181
qptsolutions,16417
qttmwbrb,33212
queermatters,3697
quralsaiman,22698
ra-fcpa,20872
raambeslag,27310
racknstak,11612
radicalweekend,24319
rajasthanhubforward,16324
raponlinedev,30958
raralo,31760
reactionis,6237
readitreviewit,28097
rechtsanwalt-biberach,16718
rememberingourfallen,12035
reverecampbell,28109
review-cash,6055
review-d3,25809
review-u,15269
review-u2,3309
review-u4,27847
review-v1,25893
review-x1,30780
ribcraftme,11723
richotchkiss,3805
rictmuseum,23915
rideoutaroundtheolympicamsterdam,15387
ripartybike,30782
riskandbeauty,10491
rivermeadholidays,32134
rmkabudget,8569
roberdschiropractic,18993
rossini-auto-srl,1867
roughtail-brewing-company,16531
roughtailbrewing,13732
rrcedu,19981
rubidoit,5158
runningirontest,14026
ryan-depalo-g9z8,1419
safehandsdiagnostics-diagnostic-center,6241
safford-rv-resort,6927
saharvosk-centr,23275
saharvosk-parnas,3828
saharvoskfr,20421
salam-imbiss,23144
sana-unterlagsboden-gmbh,18728
savonbormes,4214
sbservicestech,30088
schmucklaser,30556
schnellerperformance,28559
schuifdeurgarnituren,2363
schutzengel-therapien-mag-gergely-kondor,2185
scoreatt,21098
sealoftoc,21420
segorestaurant,14131
sellbusinesstoday,13535
sentuojiaoyu,11942
servicekulkassidoarjo,32837
sglscheuermann,20825
shac,651
shinydrive,26356
shishangliyi,5641
shopviiva,19985
showcaserestoration1,7110
shoz-na-pradlo,29494
siddhapuradrillmachines,4642
sieuthisunhome,32766
sigmundenhof-schonach-im-schwarzwald,32452
signageguruvietnam,13599
silkeyes-designs,162
silver-potato-e5g9,29028
simply-green-solutions,22176
simpsonsinternationalremovals,94
sineklobutik,9050
siofok-zamardi-taxi,549
sixtina,15015
slavonska-burza,24197
slickscapes-lawn-care-landscaping-contractor-prosper-tx,22325
slickscapeslandscapes,31078
smart-clean,15676
soblerickards,774
sockenvomsocken-shop,6938
sofrehaghdvirginia,24427
solarbootzentrale,15231
solarlightingvietnam,32798
solartubeseattle,12529
spacious-victorian-flat-in-central-southsea-portsmouth,11308
spaintoursandtickets,18056
speakingofdemocracy,17928
spedition-flensburg,5100
spinny-car-hub-elpro-city-square-mall-p,31415
spinny-car-hub-forum-sujana-mall-kukatp,1878
spinny-car-hub-one-awadh-center-lucknow,23283
spinnydelhi,25556
sportmedia071,19230
sqsycm,12006
srilankanfurniture,27663
stagecrew-berlin,12825
staging-2706-bigrayandthekoolkats,14069
staticwphosting,30554
stator-rotor,25532
staumpproductions,19247
stevecavenee,913
stoppingthestigma,23539
storagetankjackingsystem,17618
strangerthingdragracing,11350
subiacocosmeticdentist,14085
suedafrika-messe,2690
suedafrikainfo,31922
suedafrikamesse,11890
sundheim,32469
sunny,27206
sunpor-sunger,5632
surlatracedesvoyageurs,7078
surreyhomefinder,1786
sushi-uokin,2586
sushithaiasianfusion,19163
sushithainytogo,29033
sussexmetalclaygroup,31388
syeventtravel,22977
szorski,2828
t,14206
tahedel,10763
takaya-realestate,30571
tand168,19300
taxiszantod,32454
tdd-dropshop,20661
tdd-shop,9175
tech,16197
techsell-india-computer-support-and-services,33088
tellingtonttouch,31148
terrafirmaroofing,21847
tesjoresp,2641
the-barn-at-hidden-oaks-farm-of-lake-mary,22647
the-fade-genius,11489
the-gourmet-experts,19790
the-heskin-martinez-law-group,27291
the-paintball-party-place,30763
the-roundhouse-holiday-home-jackeys-marsh,18812
theauthenticist,13514
thegrand,32598
theinternetofthings,23892
thelaydab,29589
thepigscorporate,24886
thermodesign,21293
theshisha,32654
thesilverworkshop,5839
thespeedofnow,20810
thestateroom,19340
thetechtuneup,18958
thevapory-ctown,16911
thevineyardrentals,21736
thevineyardvacationrentals,1841
tiemens-nagaisurveyingandengineering,27918
tiendastomaticos,19662
tierklinik-regensburg,8290
tifahangensluitwerk,17956
tktx-cream,3183
tktx-korea,13043
top-tier-moving-storage,13751
topcat-demo,25128
tormontage,29581
torreparaturen,2355
toucanlandscaping,18930
tourdash,17875
tprb,19216
trademarklastg,29021
trafficlogostic,7442
transportesbransa,21864
trauringeberlin,16746
trbiz,27612
treehouseileperrot,19852
tricksofmagicforkids,5167
tryfamfit,28502
turany,1693
twincitymissiontx,24722
two-dandelions-designs,28410
ullevikonferans,32150
ullevirestaurang,30078
ultrabyte,24962
ultrabytegroup,24303
uncsj,8919
unitedwholesalescotland,9380
unsigned,8785
uppsala-laser-massage,31209
uptownsalonsroyaloaks,21294
urbanhairspa,565
usachinachairfactory,22151
userfriendlycomputing,6403
v12-studios-llc,8431
vainilagift,22529
vanderhorstbrothers,5205
vandermade,33386
vandermadesf,25609
vasautomations,24626
vascularstrategies,10576
vasektomie,26291
verein-historischer-segler-alpsee-immenstadt,17444
verein-traditioneller-karateka-berlin,3482
versuchsballon,2150
vineyardvacationhome,27082
vinlashvietnam,27070
virtualbirthdaypartymagicshow,29627
virtualmagicianartyloon,19581
visaovipgaming,14698
vobalauterbach-schlitz,20998
vuvuzela-pentagon-r836,25406
waldingllc,21731
wall-furnace,20479
wasp-group,28990
waterbreak,9139
wavesushi77,29204
wavesushievry,11154
waxdnm,16232
weareamerican,17228
weepeer,2450
weidlich-immobilien,19558
weinshop-amthof12,12597
welcomeintuscia,3621
wellnesshotel-bodenmais,4386
wepageyou,732
westlx,27968
westpackers,30954
wia-air,16565
williamscc,1182
wisconsin-granite-design,21399
woodmotion-plan,15802
woodstock-brass-parts-india,318
woodstockparts,7633
wylifting,27924
xerosx,6597
xn----otbnbbfdaski0l,15142
xn--80aeeeqj1arqe,14446
xn--cuve-niederrohrdorf-dzb,628
xn--cuveniederrohrdorf-dwb,26413
xn--kugelmhle-fhz-1ob,28957
xn--labscheider-entsorgung-thc,10469
xn--mbel24-wxa,8029
xn--natrlich-tcm-flb,25660
xn--natrlichtcm-vhb,24670
xn--salam-restaurant-tbingen-dtc,11861
xn--trwartung-q9a,13374
xn--weinundl-t4a,2523
yiriyoga,26991
yk-consultant,17512
ylfs,8411
yntlly,31950
youbeataddiction,11064
yourretiring,8491
zamardi-taxi,10895
zaunbau-koenigsbrunn,8349
zavaatty,3633
zhiyoulvyou,2078
zjjrj666,3034
zwartbouwbeslag,16148
zyraxis,11420
